pref_id,year,pop_total
CHN.1.1_1,2000,5532351.5
CHN.1.2_1,2000,3519973.75
CHN.1.3_1,2000,5084110
CHN.1.4_1,2000,4208880
CHN.1.5_1,2000,1437148.875
CHN.1.6_1,2000,4135757.25
CHN.1.7_1,2000,7993388
CHN.1.8_1,2000,5185038.5
CHN.1.9_1,2000,1838203.375
CHN.1.10_1,2000,1927516
CHN.1.11_1,2000,1385423
CHN.1.12_1,2000,6099173
CHN.1.13_1,2000,1484665.125
CHN.1.14_1,2000,5578003
CHN.1.15_1,2000,706987
CHN.1.16_1,2000,2062844
CHN.1.17_1,2000,2672654.75
CHN.2.1_1,2000,13705236
CHN.3.1_1,2000,30919282
CHN.4.1_1,2000,6679627.5
CHN.4.2_1,2000,2679128.75
CHN.4.3_1,2000,2850232
CHN.4.4_1,2000,3014439.25
CHN.4.5_1,2000,2702012.75
CHN.4.6_1,2000,7349942
CHN.4.7_1,2000,2585389.25
CHN.4.8_1,2000,2044752.625
CHN.4.9_1,2000,4657165
CHN.5.1_1,2000,1701657.875
CHN.5.2_1,2000,2817537.25
CHN.5.3_1,2000,655674.6875
CHN.5.4_1,2000,198692.953125
CHN.5.5_1,2000,454322
CHN.5.6_1,2000,979562.25
CHN.5.7_1,2000,3186235.5
CHN.5.8_1,2000,1835240.375
CHN.5.9_1,2000,2599810.25
CHN.5.10_1,2000,2048513.875
CHN.5.11_1,2000,2413762.5
CHN.5.12_1,2000,3212433.75
CHN.5.13_1,2000,1816082.125
CHN.5.14_1,2000,1257646.125
CHN.6.1_1,2000,2486112.75
CHN.6.2_1,2000,7550809
CHN.6.3_1,2000,5552730
CHN.6.4_1,2000,10629055
CHN.6.5_1,2000,2304562.25
CHN.6.6_1,2000,3383183.25
CHN.6.7_1,2000,4274398
CHN.6.8_1,2000,5232720
CHN.6.9_1,2000,5267677.5
CHN.6.10_1,2000,3808495.75
CHN.6.11_1,2000,3344671
CHN.6.12_1,2000,4912320.5
CHN.6.13_1,2000,2471369.5
CHN.6.14_1,2000,2779333.5
CHN.6.15_1,2000,6744475.5
CHN.6.16_1,2000,2208416.75
CHN.6.17_1,2000,2134731
CHN.6.18_1,2000,6238129
CHN.6.19_1,2000,3506658.5
CHN.6.20_1,2000,2684455
CHN.6.21_1,2000,1636031.25
CHN.7.1_1,2000,3340168.75
CHN.7.2_1,2000,1411063
CHN.7.3_1,2000,2000409.875
CHN.7.4_1,2000,746765.0625
CHN.7.5_1,2000,3870797
CHN.7.6_1,2000,4602116
CHN.7.7_1,2000,3505254
CHN.7.8_1,2000,1935038.75
CHN.7.9_1,2000,2100264.25
CHN.7.10_1,2000,3633156.75
CHN.7.11_1,2000,6215019.5
CHN.7.12_1,2000,2869558.5
CHN.7.13_1,2000,2826518.75
CHN.7.14_1,2000,5068225.5
CHN.8.1_1,2000,2333768.5
CHN.8.2_1,2000,6335374
CHN.8.3_1,2000,3713828.25
CHN.8.4_1,2000,2738241
CHN.8.5_1,2000,3831972.25
CHN.8.6_1,2000,3566452.5
CHN.8.7_1,2000,2848809.75
CHN.8.8_1,2000,3289743
CHN.8.9_1,2000,6489820.5
CHN.9.1_1,2000,1564658.625
CHN.9.2_1,2000,5611721
CHN.9.3_1,2000,512100.65625
CHN.10.1_1,2000,10479756
CHN.10.2_1,2000,6851486.5
CHN.10.3_1,2000,3331180.25
CHN.10.4_1,2000,8382710
CHN.10.5_1,2000,4223317.5
CHN.10.6_1,2000,3724442
CHN.10.7_1,2000,2774783.5
CHN.10.8_1,2000,9256906
CHN.10.9_1,2000,7123725.5
CHN.10.10_1,2000,6674743
CHN.10.11_1,2000,4195197
CHN.11.1_1,2000,2385418.5
CHN.11.2_1,2000,321169.1875
CHN.11.3_1,2000,9679814
CHN.11.4_1,2000,1105981.875
CHN.11.5_1,2000,1615623
CHN.11.6_1,2000,2478731.25
CHN.11.7_1,2000,1943814.625
CHN.11.8_1,2000,2709903.75
CHN.11.9_1,2000,5567536.5
CHN.11.10_1,2000,801783.1875
CHN.11.11_1,2000,1472873.75
CHN.11.12_1,2000,5421385
CHN.11.13_1,2000,1227881.5
CHN.12.1_1,2000,5128437
CHN.12.2_1,2000,1399926.75
CHN.12.3_1,2000,3362049.5
CHN.12.4_1,2000,629667.3125
CHN.12.5_1,2000,4612724.5
CHN.12.6_1,2000,2219038
CHN.12.7_1,2000,6152936.5
CHN.12.8_1,2000,9627879
CHN.12.9_1,2000,4828751.5
CHN.12.10_1,2000,3424037.75
CHN.12.11_1,2000,2195337.75
CHN.12.12_1,2000,7766574.5
CHN.12.13_1,2000,5427636
CHN.12.14_1,2000,6629363.5
CHN.12.15_1,2000,4115562.25
CHN.12.16_1,2000,6701089.5
CHN.12.17_1,2000,9717690
CHN.12.18_1,2000,7486137.5
CHN.13.1_1,2000,3734167
CHN.13.2_1,2000,1748005.125
CHN.13.3_1,2000,7041066.5
CHN.13.4_1,2000,2672834.5
CHN.13.5_1,2000,3111610.25
CHN.13.6_1,2000,6807554.5
CHN.13.7_1,2000,1097043.375
CHN.13.8_1,2000,91519.6640625
CHN.13.9_1,2000,3465906.5
CHN.13.10_1,2000,2517407.25
CHN.13.11_1,2000,1731174.125
CHN.13.12_1,2000,9551030
CHN.13.13_1,2000,5885468.5
CHN.13.14_1,2000,2809253.5
CHN.13.15_1,2000,1325676.5
CHN.13.16_1,2000,4994538.5
CHN.13.17_1,2000,4305655
CHN.14.1_1,2000,6052948
CHN.14.2_1,2000,6440424.5
CHN.14.3_1,2000,4305834.5
CHN.14.4_1,2000,6907930
CHN.14.5_1,2000,4694126
CHN.14.6_1,2000,3769747.5
CHN.14.7_1,2000,7535393.5
CHN.14.8_1,2000,2750248
CHN.14.9_1,2000,2471645.75
CHN.14.10_1,2000,4439582
CHN.14.11_1,2000,4835026
CHN.14.12_1,2000,5489275.5
CHN.14.13_1,2000,1517461.875
CHN.14.14_1,2000,3646501.25
CHN.15.1_1,2000,3801870
CHN.15.2_1,2000,5329552
CHN.15.3_1,2000,4645972
CHN.15.4_1,2000,6499532.5
CHN.15.5_1,2000,7540931
CHN.15.6_1,2000,5104785.5
CHN.15.7_1,2000,9231923
CHN.15.8_1,2000,5020041.5
CHN.15.9_1,2000,5243309
CHN.15.10_1,2000,8982913
CHN.15.11_1,2000,7980076
CHN.15.12_1,2000,4739491.5
CHN.15.13_1,2000,3014258.5
CHN.16.1_1,2000,3652699.75
CHN.16.2_1,2000,7496972.5
CHN.16.3_1,2000,4486918
CHN.16.4_1,2000,1461419.375
CHN.16.5_1,2000,4956941.5
CHN.16.6_1,2000,4818690.5
CHN.16.7_1,2000,1699069.125
CHN.16.8_1,2000,6159229.5
CHN.16.9_1,2000,1072908.75
CHN.16.10_1,2000,4982298.5
CHN.16.11_1,2000,1041311.0625
CHN.17.1_1,2000,2067683.125
CHN.17.2_1,2000,1301630.875
CHN.17.3_1,2000,7175633.5
CHN.17.4_1,2000,4651604.5
CHN.17.5_1,2000,1307849.75
CHN.17.6_1,2000,3296905.75
CHN.17.7_1,2000,2862127.75
CHN.17.8_1,2000,2291168.5
CHN.17.9_1,2000,2230217.5
CHN.18.1_1,2000,3568535
CHN.18.2_1,2000,1583120.25
CHN.18.3_1,2000,3226508
CHN.18.4_1,2000,5938199.5
CHN.18.5_1,2000,2400730.25
CHN.18.6_1,2000,2261166.75
CHN.18.7_1,2000,1845304.875
CHN.18.8_1,2000,2576763.5
CHN.18.9_1,2000,3117161.75
CHN.18.10_1,2000,1838973.25
CHN.18.11_1,2000,1362084.5
CHN.18.12_1,2000,7323007
CHN.18.13_1,2000,5094757
CHN.19.1_1,2000,234188.234375
CHN.19.2_1,2000,2016943.625
CHN.19.3_1,2000,1656392
CHN.19.4_1,2000,4430849.5
CHN.19.5_1,2000,2621724.25
CHN.19.6_1,2000,2935104
CHN.19.7_1,2000,1478210.625
CHN.19.8_1,2000,3136980
CHN.19.9_1,2000,2269115
CHN.19.10_1,2000,382073.15625
CHN.19.11_1,2000,992009.25
CHN.19.12_1,2000,1514724.375
CHN.20.1_1,2000,1442477.125
CHN.20.2_1,2000,671998.5625
CHN.20.3_1,2000,1048411.6875
CHN.20.4_1,2000,1463104.125
CHN.20.5_1,2000,856717
CHN.21.1_1,2000,137963.71875
CHN.21.2_1,2000,264034.1875
CHN.21.3_1,2000,254735.203125
CHN.21.4_1,2000,1415879.875
CHN.21.5_1,2000,383205.375
CHN.21.6_1,2000,334908.25
CHN.21.7_1,2000,221149.984375
CHN.21.8_1,2000,1811503.75
CHN.22.1_1,2000,2620012.25
CHN.22.2_1,2000,3634455
CHN.22.3_1,2000,3432008.25
CHN.22.4_1,2000,2336102.25
CHN.22.5_1,2000,470079.375
CHN.22.6_1,2000,5303000
CHN.22.7_1,2000,7269729
CHN.22.8_1,2000,5153328
CHN.22.9_1,2000,2028407
CHN.22.10_1,2000,3338992.25
CHN.23.1_1,2000,3168505.5
CHN.23.2_1,2000,5279718.5
CHN.23.3_1,2000,1849749.875
CHN.23.4_1,2000,8107369.5
CHN.23.5_1,2000,6033101
CHN.23.6_1,2000,6856610
CHN.23.7_1,2000,1142763.625
CHN.23.8_1,2000,5411670
CHN.23.9_1,2000,10140136
CHN.23.10_1,2000,7582573
CHN.23.11_1,2000,2726966.25
CHN.23.12_1,2000,5303659
CHN.23.13_1,2000,8632772
CHN.23.14_1,2000,2599627.5
CHN.23.15_1,2000,6692120
CHN.23.16_1,2000,4618547
CHN.23.17_1,2000,4653681
CHN.24.1_1,2000,16741810
CHN.25.1_1,2000,3171308.75
CHN.25.2_1,2000,3029968.25
CHN.25.3_1,2000,2179581.25
CHN.25.4_1,2000,3033470.5
CHN.25.5_1,2000,3959562.25
CHN.25.6_1,2000,3384609.25
CHN.25.7_1,2000,1463688.75
CHN.25.8_1,2000,3347579
CHN.25.9_1,2000,2880868.5
CHN.25.10_1,2000,1263209.75
CHN.25.11_1,2000,4942855
CHN.26.1_1,2000,3287372.25
CHN.26.2_1,2000,10584897
CHN.26.3_1,2000,5837639.5
CHN.26.4_1,2000,3752605.75
CHN.26.5_1,2000,893689.0625
CHN.26.6_1,2000,4186445.25
CHN.26.7_1,2000,3050843.75
CHN.26.8_1,2000,3101830.25
CHN.26.9_1,2000,4104932.25
CHN.26.10_1,2000,4234705.5
CHN.26.11_1,2000,3515611.5
CHN.26.12_1,2000,5253120.5
CHN.26.13_1,2000,6735666
CHN.26.15_1,2000,2209710.25
CHN.26.14_1,2000,2048080
CHN.26.16_1,2000,1362965.125
CHN.26.17_1,2000,1088628
CHN.26.18_1,2000,3477151
CHN.26.19_1,2000,1504392.875
CHN.26.20_1,2000,4913429
CHN.26.21_1,2000,2947024.25
CHN.26.22_1,2000,4722227
CHN.27.1_1,2000,11150761
CHN.28.1_1,2000,2276429.75
CHN.28.2_1,2000,574586.5
CHN.28.3_1,2000,1065984.25
CHN.28.4_1,2000,423794.9375
CHN.28.5_1,2000,1579564.875
CHN.28.6_1,2000,492759.96875
CHN.28.7_1,2000,2357095.75
CHN.28.8_1,2000,248923.453125
CHN.28.9_1,2000,3498147.5
CHN.28.10_1,2000,1684624.5
CHN.28.11_1,2000,484409.5625
CHN.28.12_1,2000,327602.6875
CHN.28.13_1,2000,880999.5
CHN.28.14_1,2000,549616.5625
CHN.28.15_1,2000,2086431
CHN.29.1_1,2000,580792.5625
CHN.29.2_1,2000,473124.9375
CHN.29.3_1,2000,372908.90625
CHN.29.4_1,2000,82152.1640625
CHN.29.5_1,2000,167602.34375
CHN.29.6_1,2000,325071.15625
CHN.29.7_1,2000,641557.4375
CHN.30.1_1,2000,2337164.75
CHN.30.2_1,2000,2540505
CHN.30.3_1,2000,3323836.25
CHN.30.4_1,2000,1073179.875
CHN.30.5_1,2000,352378.34375
CHN.30.6_1,2000,4128727
CHN.30.7_1,2000,5863925.5
CHN.30.8_1,2000,1135804.875
CHN.30.9_1,2000,2302579.5
CHN.30.10_1,2000,477984.4375
CHN.30.11_1,2000,2469619.5
CHN.30.12_1,2000,5469222
CHN.30.13_1,2000,3260250.5
CHN.30.14_1,2000,976094.1875
CHN.30.15_1,2000,2108621.25
CHN.30.16_1,2000,4558296.5
CHN.31.1_1,2000,7344582
CHN.31.2_1,2000,2590976.25
CHN.31.3_1,2000,3675761.5
CHN.31.4_1,2000,4616883
CHN.31.5_1,2000,2154288.5
CHN.31.6_1,2000,6105575
CHN.31.7_1,2000,2137416.5
CHN.31.8_1,2000,4241212
CHN.31.9_1,2000,5347614.5
CHN.31.10_1,2000,7877652.5
CHN.31.11_1,2000,926635.5
CHN.1.1_1,2005,5598566
CHN.1.2_1,2005,3455645.5
CHN.1.3_1,2005,4971933.5
CHN.1.4_1,2005,4155116.5
CHN.1.5_1,2005,1444740.875
CHN.1.6_1,2005,4109548
CHN.1.7_1,2005,7790244
CHN.1.8_1,2005,5588571.5
CHN.1.9_1,2005,1941717.5
CHN.1.10_1,2005,2053990.125
CHN.1.11_1,2005,1380281.375
CHN.1.12_1,2005,5928811.5
CHN.1.13_1,2005,1492902
CHN.1.14_1,2005,5501631.5
CHN.1.15_1,2005,726311.5625
CHN.1.16_1,2005,2114152.5
CHN.1.17_1,2005,2615253.5
CHN.2.1_1,2005,16450167
CHN.3.1_1,2005,30053906
CHN.4.1_1,2005,7048203.5
CHN.4.2_1,2005,2618592.25
CHN.4.3_1,2005,2764284.75
CHN.4.4_1,2005,2932576
CHN.4.5_1,2005,2728209.5
CHN.4.6_1,2005,7763458
CHN.4.7_1,2005,2550868.5
CHN.4.8_1,2005,2665452.75
CHN.4.9_1,2005,4777951.5
CHN.5.1_1,2005,1696667.375
CHN.5.2_1,2005,2759936.25
CHN.5.3_1,2005,679260.4375
CHN.5.4_1,2005,213086.03125
CHN.5.5_1,2005,460332.375
CHN.5.6_1,2005,1035675.625
CHN.5.7_1,2005,3414584.75
CHN.5.8_1,2005,1892559.5
CHN.5.9_1,2005,2590640.75
CHN.5.10_1,2005,2046835.375
CHN.5.11_1,2005,2309096.5
CHN.5.12_1,2005,3233004
CHN.5.13_1,2005,1805982.375
CHN.5.14_1,2005,1231991
CHN.6.1_1,2005,2622148.5
CHN.6.2_1,2005,8032824
CHN.6.3_1,2005,6426013.5
CHN.6.4_1,2005,12007040
CHN.6.5_1,2005,2624634.5
CHN.6.6_1,2005,4024570.75
CHN.6.7_1,2005,4541553
CHN.6.8_1,2005,5549392.5
CHN.6.9_1,2005,5551587
CHN.6.10_1,2005,4021830.5
CHN.6.11_1,2005,3535842
CHN.6.12_1,2005,5271858
CHN.6.13_1,2005,2702515.5
CHN.6.14_1,2005,2828484.5
CHN.6.15_1,2005,8170815
CHN.6.16_1,2005,2333421
CHN.6.17_1,2005,2239447
CHN.6.18_1,2005,6693844.5
CHN.6.19_1,2005,3779768.5
CHN.6.20_1,2005,2918275.75
CHN.6.21_1,2005,1825787.625
CHN.7.1_1,2005,3406023.5
CHN.7.2_1,2005,1467422.125
CHN.7.3_1,2005,1997492.875
CHN.7.4_1,2005,808521.375
CHN.7.5_1,2005,4014250
CHN.7.6_1,2005,4667190
CHN.7.7_1,2005,3429926.5
CHN.7.8_1,2005,1944758.75
CHN.7.9_1,2005,2106797.5
CHN.7.10_1,2005,3744283.25
CHN.7.11_1,2005,6512281.5
CHN.7.12_1,2005,2961029.5
CHN.7.13_1,2005,2871224.75
CHN.7.14_1,2005,5264968.5
CHN.8.1_1,2005,2317997.5
CHN.8.2_1,2005,6442382
CHN.8.3_1,2005,3998036.25
CHN.8.4_1,2005,2790288.5
CHN.8.5_1,2005,3649771.25
CHN.8.6_1,2005,3399952.25
CHN.8.7_1,2005,2820217.25
CHN.8.8_1,2005,3184976.75
CHN.8.9_1,2005,6283458.5
CHN.9.1_1,2005,1816379
CHN.9.2_1,2005,5802554
CHN.9.3_1,2005,593827.375
CHN.10.1_1,2005,10840575
CHN.10.2_1,2005,7102749.5
CHN.10.3_1,2005,3405979
CHN.10.4_1,2005,8762336
CHN.10.5_1,2005,4318323
CHN.10.6_1,2005,3979243.75
CHN.10.7_1,2005,2889567.75
CHN.10.8_1,2005,9705537
CHN.10.9_1,2005,7394827
CHN.10.10_1,2005,6902286
CHN.10.11_1,2005,4273673
CHN.11.1_1,2005,2529978.5
CHN.11.2_1,2005,322940.6875
CHN.11.3_1,2005,10285853
CHN.11.4_1,2005,1086939.125
CHN.11.5_1,2005,1616265.5
CHN.11.6_1,2005,2575952.25
CHN.11.7_1,2005,1902075.875
CHN.11.8_1,2005,2767032.25
CHN.11.9_1,2005,5541200.5
CHN.11.10_1,2005,855569.8125
CHN.11.11_1,2005,1481218.75
CHN.11.12_1,2005,5619980.5
CHN.11.13_1,2005,1177557.5
CHN.12.1_1,2005,5144178.5
CHN.12.2_1,2005,1475486.75
CHN.12.3_1,2005,3488443
CHN.12.4_1,2005,653686.8125
CHN.12.5_1,2005,4657462
CHN.12.6_1,2005,2345410.75
CHN.12.7_1,2005,6314265
CHN.12.8_1,2005,9959977
CHN.12.9_1,2005,4881830
CHN.12.10_1,2005,3493702
CHN.12.11_1,2005,2224695
CHN.12.12_1,2005,7572484.5
CHN.12.13_1,2005,5576583
CHN.12.14_1,2005,6414295.5
CHN.12.15_1,2005,4208343.5
CHN.12.16_1,2005,7609946
CHN.12.17_1,2005,9327433
CHN.12.18_1,2005,7377744
CHN.13.1_1,2005,3490839
CHN.13.2_1,2005,1727880
CHN.13.3_1,2005,6586253
CHN.13.4_1,2005,2646396.5
CHN.13.5_1,2005,3057105.5
CHN.13.6_1,2005,6489568.5
CHN.13.7_1,2005,1023990.625
CHN.13.8_1,2005,85777.2734375
CHN.13.9_1,2005,3428559.75
CHN.13.10_1,2005,2353071.75
CHN.13.11_1,2005,1619119.25
CHN.13.12_1,2005,10346284
CHN.13.13_1,2005,5804147.5
CHN.13.14_1,2005,2687868
CHN.13.15_1,2005,1237654.5
CHN.13.16_1,2005,4904160
CHN.13.17_1,2005,4256006.5
CHN.14.1_1,2005,6037620.5
CHN.14.2_1,2005,6889270
CHN.14.3_1,2005,4431610.5
CHN.14.4_1,2005,7087920.5
CHN.14.5_1,2005,4743310
CHN.14.6_1,2005,3771804.25
CHN.14.7_1,2005,7580746.5
CHN.14.8_1,2005,2794038.25
CHN.14.9_1,2005,2510667
CHN.14.10_1,2005,4443594
CHN.14.11_1,2005,4761044.5
CHN.14.12_1,2005,5724725
CHN.14.13_1,2005,1509644.25
CHN.14.14_1,2005,3784058.5
CHN.15.1_1,2005,4189262.25
CHN.15.2_1,2005,5203137
CHN.15.3_1,2005,4555336.5
CHN.15.4_1,2005,7406517
CHN.15.5_1,2005,7424809
CHN.15.6_1,2005,4931267.5
CHN.15.7_1,2005,10181262
CHN.15.8_1,2005,4957216
CHN.15.9_1,2005,5862852.5
CHN.15.10_1,2005,8815334
CHN.15.11_1,2005,7632990.5
CHN.15.12_1,2005,4675485.5
CHN.15.13_1,2005,3156337
CHN.16.1_1,2005,3836309.25
CHN.16.2_1,2005,7972367
CHN.16.3_1,2005,4711927.5
CHN.16.4_1,2005,1527287.75
CHN.16.5_1,2005,5126432.5
CHN.16.6_1,2005,5195920.5
CHN.16.7_1,2005,1762550.5
CHN.16.8_1,2005,6460529.5
CHN.16.9_1,2005,1106712
CHN.16.10_1,2005,5233202
CHN.16.11_1,2005,1089954.125
CHN.17.1_1,2005,2071481
CHN.17.2_1,2005,1294140.25
CHN.17.3_1,2005,7439536.5
CHN.17.4_1,2005,4616285.5
CHN.17.5_1,2005,1262814.625
CHN.17.6_1,2005,3342965.5
CHN.17.7_1,2005,2921962.25
CHN.17.8_1,2005,2299061.25
CHN.17.9_1,2005,2260552.25
CHN.18.1_1,2005,3601310.5
CHN.18.2_1,2005,1652279
CHN.18.3_1,2005,3152045
CHN.18.4_1,2005,6325824.5
CHN.18.5_1,2005,2430033
CHN.18.6_1,2005,2201789.5
CHN.18.7_1,2005,1811933.125
CHN.18.8_1,2005,2597665
CHN.18.9_1,2005,3141025
CHN.18.10_1,2005,1868831.375
CHN.18.11_1,2005,1427649.875
CHN.18.12_1,2005,7755584
CHN.18.13_1,2005,5110493
CHN.19.1_1,2005,253428.1875
CHN.19.2_1,2005,2187652.75
CHN.19.3_1,2005,1650663.25
CHN.19.4_1,2005,4384112.5
CHN.19.5_1,2005,2867028.5
CHN.19.6_1,2005,2866543.25
CHN.19.7_1,2005,1740639
CHN.19.8_1,2005,3192236.5
CHN.19.9_1,2005,2200371.25
CHN.19.10_1,2005,426336.6875
CHN.19.11_1,2005,1017750.75
CHN.19.12_1,2005,1526025.5
CHN.20.1_1,2005,1370010.875
CHN.20.2_1,2005,698298
CHN.20.3_1,2005,1136398.875
CHN.20.4_1,2005,1722707.625
CHN.20.5_1,2005,929923
CHN.21.1_1,2005,158127.171875
CHN.21.2_1,2005,316639.78125
CHN.21.3_1,2005,261892.671875
CHN.21.4_1,2005,1423545.125
CHN.21.5_1,2005,415682.875
CHN.21.6_1,2005,405751.1875
CHN.21.7_1,2005,240646.578125
CHN.21.8_1,2005,1978460.875
CHN.22.1_1,2005,2627735.5
CHN.22.2_1,2005,3696274.25
CHN.22.3_1,2005,3433890
CHN.22.4_1,2005,2334885.75
CHN.22.5_1,2005,482115.25
CHN.22.6_1,2005,5304977
CHN.22.7_1,2005,7833963
CHN.22.8_1,2005,5267739.5
CHN.22.9_1,2005,2110860.75
CHN.22.10_1,2005,3345403
CHN.23.1_1,2005,3256486.5
CHN.23.2_1,2005,5419160
CHN.23.3_1,2005,1969025.25
CHN.23.4_1,2005,8200932.5
CHN.23.5_1,2005,6458929
CHN.23.6_1,2005,7001151.5
CHN.23.7_1,2005,1172739
CHN.23.8_1,2005,5596758
CHN.23.9_1,2005,10189522
CHN.23.10_1,2005,8171372.5
CHN.23.11_1,2005,2784005.25
CHN.23.12_1,2005,5385413
CHN.23.13_1,2005,8930123
CHN.23.14_1,2005,2701501
CHN.23.15_1,2005,6861144
CHN.23.16_1,2005,4730536
CHN.23.17_1,2005,4830371
CHN.24.1_1,2005,19810002
CHN.25.1_1,2005,3268476.25
CHN.25.2_1,2005,3183027.75
CHN.25.3_1,2005,2238763.25
CHN.25.4_1,2005,3151535
CHN.25.5_1,2005,4137904.5
CHN.25.6_1,2005,3551811.75
CHN.25.7_1,2005,1588728.75
CHN.25.8_1,2005,3747480
CHN.25.9_1,2005,2944503.5
CHN.25.10_1,2005,1309722.125
CHN.25.11_1,2005,5103231
CHN.26.1_1,2005,3280695.25
CHN.26.2_1,2005,11875555
CHN.26.3_1,2005,5668824.5
CHN.26.4_1,2005,3674802.25
CHN.26.5_1,2005,985322
CHN.26.6_1,2005,3705211
CHN.26.7_1,2005,2752252.75
CHN.26.8_1,2005,3058663.5
CHN.26.9_1,2005,4325000
CHN.26.10_1,2005,4284114.5
CHN.26.11_1,2005,3386144.25
CHN.26.12_1,2005,4965995
CHN.26.13_1,2005,6524051.5
CHN.26.15_1,2005,2083644.625
CHN.26.14_1,2005,1931108
CHN.26.16_1,2005,1452788.625
CHN.26.17_1,2005,1147963.125
CHN.26.18_1,2005,3360157.25
CHN.26.19_1,2005,1498129.875
CHN.26.20_1,2005,4706693
CHN.26.21_1,2005,2772482.25
CHN.26.22_1,2005,4188341.75
CHN.27.1_1,2005,12768582
CHN.28.1_1,2005,2406148.25
CHN.28.2_1,2005,596609.625
CHN.28.3_1,2005,1172685.625
CHN.28.4_1,2005,433503.96875
CHN.28.5_1,2005,1679031.875
CHN.28.6_1,2005,531421.9375
CHN.28.7_1,2005,2414200.75
CHN.28.8_1,2005,298039.09375
CHN.28.9_1,2005,3785889
CHN.28.10_1,2005,1843938.625
CHN.28.11_1,2005,530367
CHN.28.12_1,2005,375311.8125
CHN.28.13_1,2005,1029042.3125
CHN.28.14_1,2005,584593
CHN.28.15_1,2005,2442020
CHN.29.1_1,2005,615462.875
CHN.29.2_1,2005,513510.84375
CHN.29.3_1,2005,418246.9375
CHN.29.4_1,2005,90896.28125
CHN.29.5_1,2005,185472.90625
CHN.29.6_1,2005,331100.75
CHN.29.7_1,2005,673670
CHN.30.1_1,2005,2414853
CHN.30.2_1,2005,2611065.75
CHN.30.3_1,2005,3403964.75
CHN.30.4_1,2005,1134760.125
CHN.30.5_1,2005,374816.53125
CHN.30.6_1,2005,4310603
CHN.30.7_1,2005,6184033.5
CHN.30.8_1,2005,1193365.75
CHN.30.9_1,2005,2350425.25
CHN.30.10_1,2005,498213.4375
CHN.30.11_1,2005,2502029
CHN.30.12_1,2005,5659913.5
CHN.30.13_1,2005,3382914.5
CHN.30.14_1,2005,1042323.3125
CHN.30.15_1,2005,2221974
CHN.30.16_1,2005,4847893
CHN.31.1_1,2005,8242307.5
CHN.31.2_1,2005,2724405.75
CHN.31.3_1,2005,4120124.25
CHN.31.4_1,2005,4996092.5
CHN.31.5_1,2005,2134488.75
CHN.31.6_1,2005,6892800
CHN.31.7_1,2005,2136685.5
CHN.31.8_1,2005,4536656
CHN.31.9_1,2005,5659187.5
CHN.31.10_1,2005,8649743
CHN.31.11_1,2005,980482.625
CHN.1.1_1,2010,5665883.5
CHN.1.2_1,2010,3392694.5
CHN.1.3_1,2010,4862597.5
CHN.1.4_1,2010,4102618.5
CHN.1.5_1,2010,1452397.875
CHN.1.6_1,2010,4084547.25
CHN.1.7_1,2010,7592488
CHN.1.8_1,2010,6024471.5
CHN.1.9_1,2010,2051713
CHN.1.10_1,2010,2189424.75
CHN.1.11_1,2010,1375266.5
CHN.1.12_1,2010,5763990
CHN.1.13_1,2010,1501673.375
CHN.1.14_1,2010,5426960
CHN.1.15_1,2010,746188.6875
CHN.1.16_1,2010,2166838.5
CHN.1.17_1,2010,2559850.5
CHN.2.1_1,2010,19748730
CHN.3.1_1,2010,29213664
CHN.4.1_1,2010,7437308.5
CHN.4.2_1,2010,2559600
CHN.4.3_1,2010,2681056.5
CHN.4.4_1,2010,2853468.75
CHN.4.5_1,2010,2754718.5
CHN.4.6_1,2010,8200714
CHN.4.7_1,2010,2516926
CHN.4.8_1,2010,3478818
CHN.4.9_1,2010,4903450
CHN.5.1_1,2010,1691763.875
CHN.5.2_1,2010,2703716.5
CHN.5.3_1,2010,703762.1875
CHN.5.4_1,2010,228522.703125
CHN.5.5_1,2010,466427.375
CHN.5.6_1,2010,1095016.625
CHN.5.7_1,2010,3659554.75
CHN.5.8_1,2010,1951776.125
CHN.5.9_1,2010,2581627.5
CHN.5.10_1,2010,2045288.5
CHN.5.11_1,2010,2209131.25
CHN.5.12_1,2010,3253729
CHN.5.13_1,2010,1795994.125
CHN.5.14_1,2010,1206919.625
CHN.6.1_1,2010,2765690
CHN.6.2_1,2010,8553159
CHN.6.3_1,2010,7438265
CHN.6.4_1,2010,13565232
CHN.6.5_1,2010,2989674
CHN.6.6_1,2010,4790206
CHN.6.7_1,2010,4826161.5
CHN.6.8_1,2010,5885300.5
CHN.6.9_1,2010,5850843.5
CHN.6.10_1,2010,4247371.5
CHN.6.11_1,2010,3738182.25
CHN.6.12_1,2010,5657778.5
CHN.6.13_1,2010,2955465.75
CHN.6.14_1,2010,2878741
CHN.6.15_1,2010,9903103
CHN.6.16_1,2010,2465502.75
CHN.6.17_1,2010,2349364.5
CHN.6.18_1,2010,7182910
CHN.6.19_1,2010,4074546.5
CHN.6.20_1,2010,3173035
CHN.6.21_1,2010,2040417
CHN.7.1_1,2010,3473257.25
CHN.7.2_1,2010,1526035.875
CHN.7.3_1,2010,1994687.375
CHN.7.4_1,2010,875501.3125
CHN.7.5_1,2010,4163056.25
CHN.7.6_1,2010,4733212
CHN.7.7_1,2010,3356371.25
CHN.7.8_1,2010,1954606.25
CHN.7.9_1,2010,2113440.5
CHN.7.10_1,2010,3859027.5
CHN.7.11_1,2010,6823960
CHN.7.12_1,2010,3055439.75
CHN.7.13_1,2010,2916700.5
CHN.7.14_1,2010,5469391.5
CHN.8.1_1,2010,2302463.5
CHN.8.2_1,2010,6551450.5
CHN.8.3_1,2010,4304641
CHN.8.4_1,2010,2843368.5
CHN.8.5_1,2010,3476422.25
CHN.8.6_1,2010,3241873
CHN.8.7_1,2010,2791969.75
CHN.8.8_1,2010,3083615.25
CHN.8.9_1,2010,6083908
CHN.9.1_1,2010,2109365.25
CHN.9.2_1,2010,6000746.5
CHN.9.3_1,2010,688929.75
CHN.10.1_1,2010,11214408
CHN.10.2_1,2010,7363417
CHN.10.3_1,2010,3482711
CHN.10.4_1,2010,9159324
CHN.10.5_1,2010,4415505
CHN.10.6_1,2010,4252577.5
CHN.10.7_1,2010,3009111.5
CHN.10.8_1,2010,10175955
CHN.10.9_1,2010,7676744
CHN.10.10_1,2010,7137614
CHN.10.11_1,2010,4353974.5
CHN.11.1_1,2010,2683396.75
CHN.11.2_1,2010,324724
CHN.11.3_1,2010,10929973
CHN.11.4_1,2010,1068311.75
CHN.11.5_1,2010,1616943.875
CHN.11.6_1,2010,2677166.75
CHN.11.7_1,2010,1861274
CHN.11.8_1,2010,2825404.25
CHN.11.9_1,2010,5515045.5
CHN.11.10_1,2010,912990.25
CHN.11.11_1,2010,1489703.75
CHN.11.12_1,2010,5826262.5
CHN.11.13_1,2010,1129345.625
CHN.12.1_1,2010,5160403
CHN.12.2_1,2010,1555409.375
CHN.12.3_1,2010,3619755.75
CHN.12.4_1,2010,678625.6875
CHN.12.5_1,2010,4703208
CHN.12.6_1,2010,2479529.5
CHN.12.7_1,2010,6480344.5
CHN.12.8_1,2010,10303865
CHN.12.9_1,2010,4935681.5
CHN.12.10_1,2010,3564838.25
CHN.12.11_1,2010,2254468.25
CHN.12.12_1,2010,7383511
CHN.12.13_1,2010,5729872.5
CHN.12.14_1,2010,6206272
CHN.12.15_1,2010,4303766
CHN.12.16_1,2010,8644160
CHN.12.17_1,2010,8953453
CHN.12.18_1,2010,7271392
CHN.13.1_1,2010,3263650
CHN.13.2_1,2010,1710679.25
CHN.13.3_1,2010,6163990.5
CHN.13.4_1,2010,2620383.5
CHN.13.5_1,2010,3003712.25
CHN.13.6_1,2010,6187176
CHN.13.7_1,2010,955835.1875
CHN.13.8_1,2010,80416.6484375
CHN.13.9_1,2010,3391666.5
CHN.13.10_1,2010,2199750.5
CHN.13.11_1,2010,1514542.5
CHN.13.12_1,2010,11209749
CHN.13.13_1,2010,5724108.5
CHN.13.14_1,2010,2572240.5
CHN.13.15_1,2010,1155547
CHN.13.16_1,2010,4816030
CHN.13.17_1,2010,4207064.5
CHN.14.1_1,2010,6022411
CHN.14.2_1,2010,7369823.5
CHN.14.3_1,2010,4561131.5
CHN.14.4_1,2010,7272702.5
CHN.14.5_1,2010,4793125
CHN.14.6_1,2010,3773899
CHN.14.7_1,2010,7626678
CHN.14.8_1,2010,2838695
CHN.14.9_1,2010,2550533.5
CHN.14.10_1,2010,4447879.5
CHN.14.11_1,2010,4688379
CHN.14.12_1,2010,5971415.5
CHN.14.13_1,2010,1501904.625
CHN.14.14_1,2010,3926851
CHN.15.1_1,2010,4616568
CHN.15.2_1,2010,5079751
CHN.15.3_1,2010,4466535
CHN.15.4_1,2010,8443183
CHN.15.5_1,2010,7310611.5
CHN.15.6_1,2010,4763681
CHN.15.7_1,2010,11229430
CHN.15.8_1,2010,4898633.5
CHN.15.9_1,2010,6556004
CHN.15.10_1,2010,8651066
CHN.15.11_1,2010,7301111
CHN.15.12_1,2010,4612684.5
CHN.15.13_1,2010,3305954.75
CHN.16.1_1,2010,4029200.25
CHN.16.2_1,2010,8478092
CHN.16.3_1,2010,4948240
CHN.16.4_1,2010,1596134.25
CHN.16.5_1,2010,5302848
CHN.16.6_1,2010,5602785.5
CHN.16.7_1,2010,1828420
CHN.16.8_1,2010,6776652
CHN.16.9_1,2010,1141594.5
CHN.16.10_1,2010,5496797.5
CHN.16.11_1,2010,1140872.75
CHN.17.1_1,2010,2075305.625
CHN.17.2_1,2010,1286712.125
CHN.17.3_1,2010,7713254.5
CHN.17.4_1,2010,4581357.5
CHN.17.5_1,2010,1219435.625
CHN.17.6_1,2010,3389737.5
CHN.17.7_1,2010,2983102.75
CHN.17.8_1,2010,2307024.25
CHN.17.9_1,2010,2291309.75
CHN.18.1_1,2010,3634462
CHN.18.2_1,2010,1724517
CHN.18.3_1,2010,3079368.75
CHN.18.4_1,2010,6738799.5
CHN.18.5_1,2010,2459759.5
CHN.18.6_1,2010,2144171
CHN.18.7_1,2010,1779235.625
CHN.18.8_1,2010,2618768
CHN.18.9_1,2010,3165148
CHN.18.10_1,2010,1899226
CHN.18.11_1,2010,1496460.25
CHN.18.12_1,2010,8214642
CHN.18.13_1,2010,5129176.5
CHN.19.1_1,2010,274407.78125
CHN.19.2_1,2010,2372944
CHN.19.3_1,2010,1645033.625
CHN.19.4_1,2010,4337903
CHN.19.5_1,2010,3135415.5
CHN.19.6_1,2010,2799798.25
CHN.19.7_1,2010,2052412.625
CHN.19.8_1,2010,3248519
CHN.19.9_1,2010,2133902.25
CHN.19.10_1,2010,475749.84375
CHN.19.11_1,2010,1044197.5
CHN.19.12_1,2010,1537416
CHN.20.1_1,2010,1302500.75
CHN.20.2_1,2010,725878.5625
CHN.20.3_1,2010,1231975.375
CHN.20.4_1,2010,2028967.625
CHN.20.5_1,2010,1009593.1875
CHN.21.1_1,2010,181256.671875
CHN.21.2_1,2010,379766.25
CHN.21.3_1,2010,269274.8125
CHN.21.4_1,2010,1431656.25
CHN.21.5_1,2010,450923.75
CHN.21.6_1,2010,491718.34375
CHN.21.7_1,2010,261963.296875
CHN.21.8_1,2010,2160891.25
CHN.22.1_1,2010,2635506.75
CHN.22.2_1,2010,3759174.75
CHN.22.3_1,2010,3435842.5
CHN.22.4_1,2010,2333714
CHN.22.5_1,2010,494468.78125
CHN.22.6_1,2010,5307241
CHN.22.7_1,2010,8442583
CHN.22.8_1,2010,5385058
CHN.22.9_1,2010,2196736
CHN.22.10_1,2010,3352207.5
CHN.23.1_1,2010,3347051.25
CHN.23.2_1,2010,5562450.5
CHN.23.3_1,2010,2096049.5
CHN.23.4_1,2010,8295671
CHN.23.5_1,2010,6915456
CHN.23.6_1,2010,7148901
CHN.23.7_1,2010,1203520
CHN.23.8_1,2010,5788230.5
CHN.23.9_1,2010,10239277
CHN.23.10_1,2010,8806166
CHN.23.11_1,2010,2842293.25
CHN.23.12_1,2010,5468535
CHN.23.13_1,2010,9237841
CHN.23.14_1,2010,2807370.25
CHN.23.15_1,2010,7034606.5
CHN.23.16_1,2010,4845314.5
CHN.23.17_1,2010,5013976.5
CHN.24.1_1,2010,23442882
CHN.25.1_1,2010,3368632.75
CHN.25.2_1,2010,3344072.25
CHN.25.3_1,2010,2299556.5
CHN.25.4_1,2010,3274432.25
CHN.25.5_1,2010,4324291
CHN.25.6_1,2010,3727411.5
CHN.25.7_1,2010,1724562.75
CHN.25.8_1,2010,4195546
CHN.25.9_1,2010,3009657.5
CHN.25.10_1,2010,1357951.875
CHN.25.11_1,2010,5268891
CHN.26.1_1,2010,3274266.75
CHN.26.2_1,2010,13328405
CHN.26.3_1,2010,5505243
CHN.26.4_1,2010,3600320
CHN.26.5_1,2010,1086402
CHN.26.6_1,2010,3280531.25
CHN.26.7_1,2010,2483285.75
CHN.26.8_1,2010,3016175.25
CHN.26.9_1,2010,4556992
CHN.26.10_1,2010,4334683.5
CHN.26.11_1,2010,3262648.75
CHN.26.12_1,2010,4694712.5
CHN.26.13_1,2010,6319517.5
CHN.26.15_1,2010,1964844.75
CHN.26.14_1,2010,1821030.25
CHN.26.16_1,2010,1551458.125
CHN.26.17_1,2010,1210534.375
CHN.26.18_1,2010,3247325.25
CHN.26.19_1,2010,1492120.25
CHN.26.20_1,2010,4509371
CHN.26.21_1,2010,2608442
CHN.26.22_1,2010,3717362.75
CHN.27.1_1,2010,14622394
CHN.28.1_1,2010,2544220
CHN.28.2_1,2010,619663.125
CHN.28.3_1,2010,1290108.5
CHN.28.4_1,2010,443448.9375
CHN.28.5_1,2010,1788591.5
CHN.28.6_1,2010,573119.9375
CHN.28.7_1,2010,2472813.75
CHN.28.8_1,2010,357070.71875
CHN.28.9_1,2010,4097568.75
CHN.28.10_1,2010,2018319.125
CHN.28.11_1,2010,580819.125
CHN.28.12_1,2010,430032.5
CHN.28.13_1,2010,1202250.375
CHN.28.14_1,2010,621806.875
CHN.28.15_1,2010,2858862.75
CHN.29.1_1,2010,652236.1875
CHN.29.2_1,2010,557358
CHN.29.3_1,2010,469142.21875
CHN.29.4_1,2010,100602.7265625
CHN.29.5_1,2010,205272.28125
CHN.29.6_1,2010,337303.0625
CHN.29.7_1,2010,708305.1875
CHN.30.1_1,2010,2495140
CHN.30.2_1,2010,2683610.25
CHN.30.3_1,2010,3486037.5
CHN.30.4_1,2010,1199889.875
CHN.30.5_1,2010,398688.625
CHN.30.6_1,2010,4500839
CHN.30.7_1,2010,6521641.5
CHN.30.8_1,2010,1253860.875
CHN.30.9_1,2010,2399284
CHN.30.10_1,2010,519303.875
CHN.30.11_1,2010,2534923.75
CHN.30.12_1,2010,5857319
CHN.30.13_1,2010,3510249.25
CHN.30.14_1,2010,1113078.125
CHN.30.15_1,2010,2341444.5
CHN.30.16_1,2010,5156651.5
CHN.31.1_1,2010,9250998
CHN.31.2_1,2010,2865174.25
CHN.31.3_1,2010,4618485
CHN.31.4_1,2010,5406779.5
CHN.31.5_1,2010,2115170.75
CHN.31.6_1,2010,7781688.5
CHN.31.7_1,2010,2136173.5
CHN.31.8_1,2010,4852998
CHN.31.9_1,2010,5988981.5
CHN.31.10_1,2010,9498012
CHN.31.11_1,2010,1037460.375
CHN.1.1_1,2015,5734304.5
CHN.1.2_1,2015,3331104.5
CHN.1.3_1,2015,4756054.5
CHN.1.4_1,2015,4051407
CHN.1.5_1,2015,1460121.25
CHN.1.6_1,2015,4060868.5
CHN.1.7_1,2015,7399990
CHN.1.8_1,2015,6495314
CHN.1.9_1,2015,2168581.75
CHN.1.10_1,2015,2334437.5
CHN.1.11_1,2015,1370387.875
CHN.1.12_1,2015,5604585
CHN.1.13_1,2015,1511046.75
CHN.1.14_1,2015,5353992.5
CHN.1.15_1,2015,766633.8125
CHN.1.16_1,2015,2220937.5
CHN.1.17_1,2015,2506469.75
CHN.2.1_1,2015,23712790
CHN.3.1_1,2015,28397734
CHN.4.1_1,2015,7848083
CHN.4.2_1,2015,2502123
CHN.4.3_1,2015,2600467
CHN.4.4_1,2015,2777075.5
CHN.4.5_1,2015,2781546.75
CHN.4.6_1,2015,8663176
CHN.4.7_1,2015,2483558.75
CHN.4.8_1,2015,4544831.5
CHN.4.9_1,2015,5034294
CHN.5.1_1,2015,1686951.125
CHN.5.2_1,2015,2648854.75
CHN.5.3_1,2015,729215.9375
CHN.5.4_1,2015,245078.640625
CHN.5.5_1,2015,472608.15625
CHN.5.6_1,2015,1157772.375
CHN.5.7_1,2015,3922354.25
CHN.5.8_1,2015,2012952.875
CHN.5.9_1,2015,2572761
CHN.5.10_1,2015,2043866.75
CHN.5.11_1,2015,2113661.25
CHN.5.12_1,2015,3274609.5
CHN.5.13_1,2015,1786120.25
CHN.5.14_1,2015,1182422.125
CHN.6.1_1,2015,2917154.5
CHN.6.2_1,2015,9116266
CHN.6.3_1,2015,8611724
CHN.6.4_1,2015,15327335
CHN.6.5_1,2015,3406026.25
CHN.6.6_1,2015,5704330
CHN.6.7_1,2015,5129478.5
CHN.6.8_1,2015,6241618.5
CHN.6.9_1,2015,6166278
CHN.6.10_1,2015,4485836.5
CHN.6.11_1,2015,3952370.25
CHN.6.12_1,2015,6072022
CHN.6.13_1,2015,3232304.5
CHN.6.14_1,2015,2930155
CHN.6.15_1,2015,12007220
CHN.6.16_1,2015,2605062.25
CHN.6.17_1,2015,2464747.75
CHN.6.18_1,2015,7707768.5
CHN.6.19_1,2015,4392761
CHN.6.20_1,2015,3450697.5
CHN.6.21_1,2015,2283593
CHN.7.1_1,2015,3541899.75
CHN.7.2_1,2015,1586994.5
CHN.7.3_1,2015,1991999.375
CHN.7.4_1,2015,948148.6875
CHN.7.5_1,2015,4317416.5
CHN.7.6_1,2015,4800194.5
CHN.7.7_1,2015,3284551.5
CHN.7.8_1,2015,1964587.25
CHN.7.9_1,2015,2120197
CHN.7.10_1,2015,3977500.25
CHN.7.11_1,2015,7150751.5
CHN.7.12_1,2015,3152885.75
CHN.7.13_1,2015,2962962.25
CHN.7.14_1,2015,5681797.5
CHN.8.1_1,2015,2287170
CHN.8.2_1,2015,6662628.5
CHN.8.3_1,2015,4635384.5
CHN.8.4_1,2015,2897501.5
CHN.8.5_1,2015,3311499.25
CHN.8.6_1,2015,3091837.25
CHN.8.7_1,2015,2764065
CHN.8.8_1,2015,2985548.75
CHN.8.9_1,2015,5890956
CHN.9.1_1,2015,2450408.25
CHN.9.2_1,2015,6206721
CHN.9.3_1,2015,799608.3125
CHN.10.1_1,2015,11601835
CHN.10.2_1,2015,7633864
CHN.10.3_1,2015,3561467.25
CHN.10.4_1,2015,9574469
CHN.10.5_1,2015,4514914.5
CHN.10.6_1,2015,4545974.5
CHN.10.7_1,2015,3133612.25
CHN.10.8_1,2015,10669219
CHN.10.9_1,2015,7969979
CHN.10.10_1,2015,7380994.5
CHN.10.11_1,2015,4436205
CHN.11.1_1,2015,2846216.25
CHN.11.2_1,2015,326519.0625
CHN.11.3_1,2015,11614569
CHN.11.4_1,2015,1050094.375
CHN.11.5_1,2015,1617657.125
CHN.11.6_1,2015,2782535.25
CHN.11.7_1,2015,1821389.75
CHN.11.8_1,2015,2885047
CHN.11.9_1,2015,5489071.5
CHN.11.10_1,2015,974290.125
CHN.11.11_1,2015,1498334.875
CHN.11.12_1,2015,6040535.5
CHN.11.13_1,2015,1083159.5
CHN.12.1_1,2015,5177135
CHN.12.2_1,2015,1639947.125
CHN.12.3_1,2015,3756201
CHN.12.4_1,2015,704519.375
CHN.12.5_1,2015,4750026
CHN.12.6_1,2015,2621856
CHN.12.7_1,2015,6651383.5
CHN.12.8_1,2015,10659953
CHN.12.9_1,2015,4990333
CHN.12.10_1,2015,3637479.75
CHN.12.11_1,2015,2284664.5
CHN.12.12_1,2015,7199527
CHN.12.13_1,2015,5887657.5
CHN.12.14_1,2015,6005059.5
CHN.12.15_1,2015,4401953
CHN.12.16_1,2015,9821068
CHN.12.17_1,2015,8595093
CHN.12.18_1,2015,7167065.5
CHN.13.1_1,2015,3051530
CHN.13.2_1,2015,1696252.625
CHN.13.3_1,2015,5772111.5
CHN.13.4_1,2015,2594784.75
CHN.13.5_1,2015,2951398
CHN.13.6_1,2015,5899637
CHN.13.7_1,2015,892247.9375
CHN.13.8_1,2015,75412.140625
CHN.13.9_1,2015,3355221.5
CHN.13.10_1,2015,2056706.875
CHN.13.11_1,2015,1416940.75
CHN.13.12_1,2015,12147186
CHN.13.13_1,2015,5645333.5
CHN.13.14_1,2015,2462130
CHN.13.15_1,2015,1078957.625
CHN.13.16_1,2015,4730115.5
CHN.13.17_1,2015,4158812.5
CHN.14.1_1,2015,6007315.5
CHN.14.2_1,2015,7884329
CHN.14.3_1,2015,4694508
CHN.14.4_1,2015,7462402.5
CHN.14.5_1,2015,4843575
CHN.14.6_1,2015,3776033.5
CHN.14.7_1,2015,7673188.5
CHN.14.8_1,2015,2884245.5
CHN.14.9_1,2015,2591249.5
CHN.14.10_1,2015,4452453.5
CHN.14.11_1,2015,4617010.5
CHN.14.12_1,2015,6229836.5
CHN.14.13_1,2015,1494240.25
CHN.14.14_1,2015,4075080.75
CHN.15.1_1,2015,5087912
CHN.15.2_1,2015,4959321
CHN.15.3_1,2015,4379529.5
CHN.15.4_1,2015,9628063
CHN.15.5_1,2015,7198322.5
CHN.15.6_1,2015,4601823.5
CHN.15.7_1,2015,12386831
CHN.15.8_1,2015,4844577.5
CHN.15.9_1,2015,7331509.5
CHN.15.10_1,2015,8490048
CHN.15.11_1,2015,6983769
CHN.15.12_1,2015,4551103
CHN.15.13_1,2015,3463571.25
CHN.16.1_1,2015,4231842.5
CHN.16.2_1,2015,9016088
CHN.16.3_1,2015,5196424
CHN.16.4_1,2015,1668093.5
CHN.16.5_1,2015,5486398
CHN.16.6_1,2015,6041618.5
CHN.16.7_1,2015,1896768.25
CHN.16.8_1,2015,7108326
CHN.16.9_1,2015,1177591.125
CHN.16.10_1,2015,5773730.5
CHN.16.11_1,2015,1194173.25
CHN.17.1_1,2015,2079158.125
CHN.17.2_1,2015,1279346.75
CHN.17.3_1,2015,7997153
CHN.17.4_1,2015,4546822
CHN.17.5_1,2015,1177652.375
CHN.17.6_1,2015,3437232
CHN.17.7_1,2015,3045580.5
CHN.17.8_1,2015,2315058
CHN.17.9_1,2015,2322495.5
CHN.18.1_1,2015,3667998
CHN.18.2_1,2015,1799970.25
CHN.18.3_1,2015,3008437.25
CHN.18.4_1,2015,7178782.5
CHN.18.5_1,2015,2489919
CHN.18.6_1,2015,2088270.5
CHN.18.7_1,2015,1747202.125
CHN.18.8_1,2015,2640075
CHN.18.9_1,2015,3189534.5
CHN.18.10_1,2015,1930169.125
CHN.18.11_1,2015,1568678
CHN.18.12_1,2015,8701785
CHN.18.13_1,2015,5150849
CHN.19.1_1,2015,297286.375
CHN.19.2_1,2015,2574082.75
CHN.19.3_1,2015,1639514.75
CHN.19.4_1,2015,4292215.5
CHN.19.5_1,2015,3429065.75
CHN.19.6_1,2015,2734822
CHN.19.7_1,2015,2422865.25
CHN.19.8_1,2015,3305847.25
CHN.19.9_1,2015,2069644.75
CHN.19.10_1,2015,530912.8125
CHN.19.11_1,2015,1071368
CHN.19.12_1,2015,1548896.625
CHN.20.1_1,2015,1239728.625
CHN.20.2_1,2015,754844.75
CHN.20.3_1,2015,1335820
CHN.20.4_1,2015,2390317.25
CHN.20.5_1,2015,1096289.75
CHN.21.1_1,2015,207789.515625
CHN.21.2_1,2015,455520.375
CHN.21.3_1,2015,276890.75
CHN.21.4_1,2015,1440252.375
CHN.21.5_1,2015,489164.03125
CHN.21.6_1,2015,596043
CHN.21.7_1,2015,285270.46875
CHN.21.8_1,2015,2360229.75
CHN.22.1_1,2015,2643327.25
CHN.22.2_1,2015,3823177.25
CHN.22.3_1,2015,3437859.25
CHN.22.4_1,2015,2332589.75
CHN.22.5_1,2015,507148.5
CHN.22.6_1,2015,5309811
CHN.22.7_1,2015,9099088
CHN.22.8_1,2015,5505376
CHN.22.9_1,2015,2286174
CHN.22.10_1,2015,3359464.25
CHN.23.1_1,2015,3440283.5
CHN.23.2_1,2015,5709706.5
CHN.23.3_1,2015,2231327.75
CHN.23.4_1,2015,8391598
CHN.23.5_1,2015,7404906.5
CHN.23.6_1,2015,7299927.5
CHN.23.7_1,2015,1235129.25
CHN.23.8_1,2015,5986310.5
CHN.23.9_1,2015,10289402
CHN.23.10_1,2015,9490553
CHN.23.11_1,2015,2901859
CHN.23.12_1,2015,5553055
CHN.23.13_1,2015,9556295
CHN.23.14_1,2015,2917392
CHN.23.15_1,2015,7212636.5
CHN.23.16_1,2015,4962951
CHN.23.17_1,2015,5204774
CHN.24.1_1,2015,27744490
CHN.25.1_1,2015,3471870.5
CHN.25.2_1,2015,3513514.5
CHN.25.3_1,2015,2362005
CHN.25.4_1,2015,3402387
CHN.25.5_1,2015,4519085
CHN.25.6_1,2015,3911838.75
CHN.25.7_1,2015,1872125.25
CHN.25.8_1,2015,4697592
CHN.25.9_1,2015,3076381
CHN.25.10_1,2015,1407962.875
CHN.25.11_1,2015,5440010
CHN.26.1_1,2015,3268066
CHN.26.2_1,2015,14963518
CHN.26.3_1,2015,5346696
CHN.26.4_1,2015,3529236
CHN.26.5_1,2015,1197905.25
CHN.26.6_1,2015,2905722.75
CHN.26.7_1,2015,2240998.5
CHN.26.8_1,2015,2974353
CHN.26.9_1,2015,4801552.5
CHN.26.10_1,2015,4386409
CHN.26.11_1,2015,3144955.5
CHN.26.12_1,2015,4438393.5
CHN.26.13_1,2015,6121784
CHN.26.15_1,2015,1852884.25
CHN.26.14_1,2015,1717424.25
CHN.26.16_1,2015,1660003.125
CHN.26.17_1,2015,1276518.125
CHN.26.18_1,2015,3138482.5
CHN.26.19_1,2015,1486386.5
CHN.26.20_1,2015,4321077.5
CHN.26.21_1,2015,2454273
CHN.26.22_1,2015,3302086.25
CHN.27.1_1,2015,16746686
CHN.28.1_1,2015,2691307.5
CHN.28.2_1,2015,643818.0625
CHN.28.3_1,2015,1419335.875
CHN.28.4_1,2015,453636.53125
CHN.28.5_1,2015,1909672.25
CHN.28.6_1,2015,618092.1875
CHN.28.7_1,2015,2532997.75
CHN.28.8_1,2015,428026.28125
CHN.28.9_1,2015,4435216
CHN.28.10_1,2015,2209190.75
CHN.28.11_1,2015,636217.0625
CHN.28.12_1,2015,492801.0625
CHN.28.13_1,2015,1404907
CHN.28.14_1,2015,661403.25
CHN.28.15_1,2015,3347536.75
CHN.29.1_1,2015,691246.0625
CHN.29.2_1,2015,604963.375
CHN.29.3_1,2015,526277.25
CHN.29.4_1,2015,111378.34375
CHN.29.5_1,2015,227210
CHN.29.6_1,2015,343696.46875
CHN.29.7_1,2015,745134.6875
CHN.30.1_1,2015,2578113.5
CHN.30.2_1,2015,2758195
CHN.30.3_1,2015,3570102.5
CHN.30.4_1,2015,1268774.125
CHN.30.5_1,2015,424086.5625
CHN.30.6_1,2015,4699934.5
CHN.30.7_1,2015,6877708.5
CHN.30.8_1,2015,1317440.125
CHN.30.9_1,2015,2449178
CHN.30.10_1,2015,541292.6875
CHN.30.11_1,2015,2568315.25
CHN.30.12_1,2015,6061675.5
CHN.30.13_1,2015,3642437.25
CHN.30.14_1,2015,1188669.375
CHN.30.15_1,2015,2467364
CHN.30.16_1,2015,5485813
CHN.31.1_1,2015,10384421
CHN.31.2_1,2015,3013725.5
CHN.31.3_1,2015,5177439.5
CHN.31.4_1,2015,5851557.5
CHN.31.5_1,2015,2096353.625
CHN.31.6_1,2015,8785379
CHN.31.7_1,2015,2135901.5
CHN.31.8_1,2015,5191755
CHN.31.9_1,2015,6338068
CHN.31.10_1,2015,10429968
CHN.31.11_1,2015,1097750.875
CHN.1.1_1,2020,5803829.5
CHN.1.2_1,2020,3270861.25
CHN.1.3_1,2020,4652258
CHN.1.4_1,2020,4001506.5
CHN.1.5_1,2020,1467912.125
CHN.1.6_1,2020,4038640.25
CHN.1.7_1,2020,7212625
CHN.1.8_1,2020,7003879.5
CHN.1.9_1,2020,2292739.25
CHN.1.10_1,2020,2489689.25
CHN.1.11_1,2020,1365656.125
CHN.1.12_1,2020,5450480
CHN.1.13_1,2020,1521098.875
CHN.1.14_1,2020,5282736
CHN.1.15_1,2020,787662.9375
CHN.1.16_1,2020,2276484.75
CHN.1.17_1,2020,2455143
CHN.2.1_1,2020,28476838
CHN.3.1_1,2020,27605334
CHN.4.1_1,2020,8281728.5
CHN.4.2_1,2020,2446132.75
CHN.4.3_1,2020,2522438.75
CHN.4.4_1,2020,2703358.75
CHN.4.5_1,2020,2808701.25
CHN.4.6_1,2020,9152435
CHN.4.7_1,2020,2450764.25
CHN.4.8_1,2020,5942158
CHN.4.9_1,2020,5171295.5
CHN.5.1_1,2020,1682233
CHN.5.2_1,2020,2595328.5
CHN.5.3_1,2020,755658.875
CHN.5.4_1,2020,262835.0625
CHN.5.5_1,2020,478875.96875
CHN.5.6_1,2020,1224140.75
CHN.5.7_1,2020,4204279
CHN.5.8_1,2020,2076155.25
CHN.5.9_1,2020,2564033
CHN.5.10_1,2020,2042563.625
CHN.5.11_1,2020,2022491
CHN.5.12_1,2020,3295646
CHN.5.13_1,2020,1776364
CHN.5.14_1,2020,1158489.25
CHN.6.1_1,2020,3076983
CHN.6.2_1,2020,9727328
CHN.6.3_1,2020,9972198
CHN.6.4_1,2020,17320184
CHN.6.5_1,2020,3880934
CHN.6.6_1,2020,6795927.5
CHN.6.7_1,2020,5452867.5
CHN.6.8_1,2020,6619593
CHN.6.9_1,2020,6498768
CHN.6.10_1,2020,4737989.5
CHN.6.11_1,2020,4179129
CHN.6.12_1,2020,6516672
CHN.6.13_1,2020,3535319.75
CHN.6.14_1,2020,2982784.5
CHN.6.15_1,2020,14563246
CHN.6.16_1,2020,2752523.25
CHN.6.17_1,2020,2585875.25
CHN.6.18_1,2020,8271042.5
CHN.6.19_1,2020,4736331.5
CHN.6.20_1,2020,3753426
CHN.6.21_1,2020,2559662.75
CHN.7.1_1,2020,3611980.25
CHN.7.2_1,2020,1650392.125
CHN.7.3_1,2020,1989435.625
CHN.7.4_1,2020,1026945.1875
CHN.7.5_1,2020,4477537.5
CHN.7.6_1,2020,4868152
CHN.7.7_1,2020,3214431.25
CHN.7.8_1,2020,1974708.375
CHN.7.9_1,2020,2127071
CHN.7.10_1,2020,4099815
CHN.7.11_1,2020,7493388.5
CHN.7.12_1,2020,3253466.5
CHN.7.13_1,2020,3010027
CHN.7.14_1,2020,5902500
CHN.8.1_1,2020,2272120
CHN.8.2_1,2020,6775970
CHN.8.3_1,2020,4992146
CHN.8.4_1,2020,2952708
CHN.8.5_1,2020,3154596.75
CHN.8.6_1,2020,2949488.5
CHN.8.7_1,2020,2736500.25
CHN.8.8_1,2020,2890670.5
CHN.8.9_1,2020,5704395
CHN.9.1_1,2020,2847417
CHN.9.2_1,2020,6420943
CHN.9.3_1,2020,928425.8125
CHN.10.1_1,2020,12003484
CHN.10.2_1,2020,7914483.5
CHN.10.3_1,2020,3642348.75
CHN.10.4_1,2020,10008603
CHN.10.5_1,2020,4616604
CHN.10.6_1,2020,4861123.5
CHN.10.7_1,2020,3263275.75
CHN.10.8_1,2020,11186440
CHN.10.9_1,2020,8275069
CHN.10.10_1,2020,7632703
CHN.10.11_1,2020,4520484
CHN.11.1_1,2020,3019014
CHN.11.2_1,2020,328325.84375
CHN.11.3_1,2020,12342185
CHN.11.4_1,2020,1032282.0625
CHN.11.5_1,2020,1618404.25
CHN.11.6_1,2020,2892224.75
CHN.11.7_1,2020,1782404.75
CHN.11.8_1,2020,2945989.25
CHN.11.9_1,2020,5463281
CHN.11.10_1,2020,1039731.625
CHN.11.11_1,2020,1507118.75
CHN.11.12_1,2020,6263120
CHN.11.13_1,2020,1038916.5
CHN.12.1_1,2020,5194399
CHN.12.2_1,2020,1729367.375
CHN.12.3_1,2020,3898003.25
CHN.12.4_1,2020,731404.375
CHN.12.5_1,2020,4797988
CHN.12.6_1,2020,2772881
CHN.12.7_1,2020,6827608
CHN.12.8_1,2020,11028667
CHN.12.9_1,2020,5045815
CHN.12.10_1,2020,3711659.75
CHN.12.11_1,2020,2315289.75
CHN.12.12_1,2020,7020409
CHN.12.13_1,2020,6050098
CHN.12.14_1,2020,5810433
CHN.12.15_1,2020,4503037.5
CHN.12.16_1,2020,11160412
CHN.12.17_1,2020,8251724.5
CHN.12.18_1,2020,7064750
CHN.13.1_1,2020,2853479.75
CHN.13.2_1,2020,1684463.75
CHN.13.3_1,2020,5408603.5
CHN.13.4_1,2020,2569589.75
CHN.13.5_1,2020,2900132.25
CHN.13.6_1,2020,5626248
CHN.13.7_1,2020,832921.8125
CHN.13.8_1,2020,70739.8046875
CHN.13.9_1,2020,3319220.25
CHN.13.10_1,2020,1923253.625
CHN.13.11_1,2020,1325844.875
CHN.13.12_1,2020,13164845
CHN.13.13_1,2020,5567804
CHN.13.14_1,2020,2357308.25
CHN.13.15_1,2020,1007516.6875
CHN.13.16_1,2020,4646388.5
CHN.13.17_1,2020,4111233
CHN.14.1_1,2020,5992329
CHN.14.2_1,2020,8435192
CHN.14.3_1,2020,4831856
CHN.14.4_1,2020,7657151
CHN.14.5_1,2020,4894663
CHN.14.6_1,2020,3778209.75
CHN.14.7_1,2020,7720280
CHN.14.8_1,2020,2930718.25
CHN.14.9_1,2020,2632820.25
CHN.14.10_1,2020,4457334
CHN.14.11_1,2020,4546922.5
CHN.14.12_1,2020,6500500.5
CHN.14.13_1,2020,1486648.5
CHN.14.14_1,2020,4228957
CHN.15.1_1,2020,5607847
CHN.15.2_1,2020,4841775
CHN.15.3_1,2020,4294283.5
CHN.15.4_1,2020,10982340
CHN.15.5_1,2020,7087928.5
CHN.15.6_1,2020,4445498
CHN.15.7_1,2020,13664982
CHN.15.8_1,2020,4795370
CHN.15.9_1,2020,8199157
CHN.15.10_1,2020,8332220.5
CHN.15.11_1,2020,6680327
CHN.15.12_1,2020,4490760
CHN.15.13_1,2020,3629681
CHN.16.1_1,2020,4444729
CHN.16.2_1,2020,9588424
CHN.16.3_1,2020,5457077
CHN.16.4_1,2020,1743306.25
CHN.16.5_1,2020,5677304.5
CHN.16.6_1,2020,6514935.5
CHN.16.7_1,2020,1967689.875
CHN.16.8_1,2020,7456317
CHN.16.9_1,2020,1214738.375
CHN.16.10_1,2020,6064679.5
CHN.16.11_1,2020,1249967
CHN.17.1_1,2020,2083039.5
CHN.17.2_1,2020,1272044.125
CHN.17.3_1,2020,8291612
CHN.17.4_1,2020,4512682
CHN.17.5_1,2020,1137406.875
CHN.17.6_1,2020,3485460
CHN.17.7_1,2020,3109428
CHN.17.8_1,2020,2323163
CHN.17.9_1,2020,2354116
CHN.18.1_1,2020,3701926.25
CHN.18.2_1,2020,1878781.375
CHN.18.3_1,2020,2939209.5
CHN.18.4_1,2020,7647541
CHN.18.5_1,2020,2520520.5
CHN.18.6_1,2020,2034048.5
CHN.18.7_1,2020,1715822.5
CHN.18.8_1,2020,2661587.25
CHN.18.9_1,2020,3214188
CHN.18.10_1,2020,1961673.875
CHN.18.11_1,2020,1644473.5
CHN.18.12_1,2020,9218715
CHN.18.13_1,2020,5175552
CHN.19.1_1,2020,322238.5625
CHN.19.2_1,2020,2792447.25
CHN.19.3_1,2020,1634120.875
CHN.19.4_1,2020,4247044
CHN.19.5_1,2020,3750367.75
CHN.19.6_1,2020,2671568.5
CHN.19.7_1,2020,2863101
CHN.19.8_1,2020,3364241
CHN.19.9_1,2020,2007538.25
CHN.19.10_1,2020,592496.0625
CHN.19.11_1,2020,1099281.125
CHN.19.12_1,2020,1560467.875
CHN.20.1_1,2020,1181494.5
CHN.20.2_1,2020,785315.5
CHN.20.3_1,2020,1448677.125
CHN.20.4_1,2020,2816718
CHN.20.5_1,2020,1190624.375
CHN.21.1_1,2020,238227.5
CHN.21.2_1,2020,546431.125
CHN.21.3_1,2020,284750.1875
CHN.21.4_1,2020,1449376.625
CHN.21.5_1,2020,530660.125
CHN.21.6_1,2020,722650
CHN.21.7_1,2020,310754.40625
CHN.21.8_1,2020,2578043.75
CHN.22.1_1,2020,2651198.75
CHN.22.2_1,2020,3888303
CHN.22.3_1,2020,3439935
CHN.22.4_1,2020,2331516.5
CHN.22.5_1,2020,520163
CHN.22.6_1,2020,5312707
CHN.22.7_1,2020,9807252
CHN.22.8_1,2020,5628791
CHN.22.9_1,2020,2379321.25
CHN.22.10_1,2020,3367243.25
CHN.23.1_1,2020,3536269.25
CHN.23.2_1,2020,5861051
CHN.23.3_1,2020,2375398.25
CHN.23.4_1,2020,8488728
CHN.23.5_1,2020,7929668
CHN.23.6_1,2020,7454300.5
CHN.23.7_1,2020,1267590.125
CHN.23.8_1,2020,6191228.5
CHN.23.9_1,2020,10339901
CHN.23.10_1,2020,10228416
CHN.23.11_1,2020,2962732.5
CHN.23.12_1,2020,5639003
CHN.23.13_1,2020,9885869
CHN.23.14_1,2020,3031729.25
CHN.23.15_1,2020,7395368.5
CHN.23.16_1,2020,5083517
CHN.23.17_1,2020,5403053
CHN.24.1_1,2020,32838048
CHN.25.1_1,2020,3578284.25
CHN.25.2_1,2020,3691789.5
CHN.25.3_1,2020,2426154.25
CHN.25.4_1,2020,3535638.25
CHN.25.5_1,2020,4722666
CHN.25.6_1,2020,4105545.25
CHN.25.7_1,2020,2032431.75
CHN.25.8_1,2020,5260135
CHN.25.9_1,2020,3144727
CHN.25.10_1,2020,1459821.625
CHN.25.11_1,2020,5616769.5
CHN.26.1_1,2020,3262074.25
CHN.26.2_1,2020,16803480
CHN.26.3_1,2020,5192995
CHN.26.4_1,2020,3461647.5
CHN.26.5_1,2020,1320909.625
CHN.26.6_1,2020,2574893.5
CHN.26.7_1,2020,2022740
CHN.26.8_1,2020,2933184.5
CHN.26.9_1,2020,5059361.5
CHN.26.10_1,2020,4439289.5
CHN.26.11_1,2020,3032913.75
CHN.26.12_1,2020,4196209
CHN.26.13_1,2020,5930588
CHN.26.15_1,2020,1747362.625
CHN.26.14_1,2020,1619895.625
CHN.26.16_1,2020,1779579.875
CHN.26.17_1,2020,1346100.625
CHN.26.18_1,2020,3033465.75
CHN.26.19_1,2020,1480953.75
CHN.26.20_1,2020,4141445.75
CHN.26.21_1,2020,2309381.75
CHN.26.22_1,2020,2936163.25
CHN.27.1_1,2020,19180990
CHN.28.1_1,2020,2848141
CHN.28.2_1,2020,669154.375
CHN.28.3_1,2020,1561561.75
CHN.28.4_1,2020,464073.9375
CHN.28.5_1,2020,2043931.75
CHN.28.6_1,2020,666595.5625
CHN.28.7_1,2020,2594821.75
CHN.28.8_1,2020,513320.65625
CHN.28.9_1,2020,4801037.5
CHN.28.10_1,2020,2418113.25
CHN.28.11_1,2020,697058.625
CHN.28.12_1,2020,564807.875
CHN.28.13_1,2020,1642027
CHN.28.14_1,2020,703536.875
CHN.28.15_1,2020,3920448
CHN.29.1_1,2020,732635.5
CHN.29.2_1,2020,656649.625
CHN.29.3_1,2020,590418.125
CHN.29.4_1,2020,123341.90625
CHN.29.5_1,2020,251518.4375
CHN.29.6_1,2020,350305.125
CHN.29.7_1,2020,784076.25
CHN.30.1_1,2020,2663864.5
CHN.30.2_1,2020,2834879
CHN.30.3_1,2020,3656208.25
CHN.30.4_1,2020,1341630
CHN.30.5_1,2020,451108.34375
CHN.30.6_1,2020,4908454.5
CHN.30.7_1,2020,7253243.5
CHN.30.8_1,2020,1384261.25
CHN.30.9_1,2020,2500130.5
CHN.30.10_1,2020,564218.4375
CHN.30.11_1,2020,2602215.5
CHN.30.12_1,2020,6273229.5
CHN.30.13_1,2020,3779669
CHN.30.14_1,2020,1269429.875
CHN.30.15_1,2020,2600080.5
CHN.30.16_1,2020,5836700.5
CHN.31.1_1,2020,11658053
CHN.31.2_1,2020,3170534.75
CHN.31.3_1,2020,5804395.5
CHN.31.4_1,2020,6333255
CHN.31.5_1,2020,2078058
CHN.31.6_1,2020,9918710
CHN.31.7_1,2020,2135894
CHN.31.8_1,2020,5554559.5
CHN.31.9_1,2020,6707583
CHN.31.10_1,2020,11453860
CHN.31.11_1,2020,1161547.125
